Complexity,Loss,Equation
1,0.029292384,"-0.078287765"
2,0.0035107057,"square(-0.28684944)"
3,0.0013300187,"0.16344768 / x0"
4,5.591193e-5,"exp(x0 * -1.4019457)"
5,1.9841511e-5,"(0.40105468 / x0) - 0.14221719"
6,1.8449449e-6,"sqrt(0.16344768 / exp(square(x0)))"
8,3.722565e-15,"(-0.24570449 / sqrt(exp(square(x0)))) / -0.61588943"
10,1.4918622e-16,"((-0.32725376 / sqrt(exp(square(x0)))) / -0.85160136) / 0.9632483"
