Complexity,Loss,Equation
1,0.03036432,"-0.08159175"
2,0.0035107057,"exp(-2.4976888)"
3,0.0013300187,"0.16344653 / x0"
4,5.591193e-5,"exp(x0 * -1.4019457)"
5,1.9841515e-5,"(0.4010518 / x0) - 0.14221568"
6,2.9981304e-13,"sqrt(exp(-1.8378878 - square(x0)))"
9,6.2609985e-14,"sqrt(exp(-1.8378826 - square(neg(x0)))) + 4.6308514e-8"
12,5.6157336e-15,"sqrt(exp((-1.7437791 * (sqrt(0.656398) + 0.24377899)) - square(neg(x0))))"
