Complexity,Loss,Equation
1,0.098071955,"-0.22522916"
2,0.0035107057,"exp(-2.497668)"
3,0.0013300187,"0.16344653 / x0"
4,5.591193e-5,"exp(x0 * -1.4019496)"
5,1.9841515e-5,"(0.4010518 / x0) + -0.14221567"
6,1.581374e-14,"sqrt(exp(-1.8378795 - square(x0)))"
